,LandCapability,SqFt,Acres
0,1A,-2744.0,-0.06299357208448117
1,1B,-69744.0,-1.6011019283746557
2,1C,0.0,0.0
3,2,0.0,0.0
4,3,0.0,0.0
5,4,54280.80645255,1.2461158506095042
6,5,-24803.93010736,-0.5694198830890725
7,6,308022.36559433,7.071220514103077
8,7,915907.5645136,21.026344456235076
