"","trend_attainment","p_value"
"z",2.14587899546802,0.0318826340101538
